H,K,13.60000018030405
H,L1,0.0
H,L2,0.0
H,L3,0.0
H,M1,0.0
H,M2,0.0
H,M3,0.0
H,M4,0.0
H,M5,0.0
H,N1,0.0
H,N2,0.0
H,N3,0.0
H,N4,0.0
H,N5,0.0
H,N6,0.0
H,N7,0.0
H,O1,0.0
H,O2,0.0
H,O3,0.0
H,O4,0.0
H,O5,0.0
H,O6,0.0
H,O7,0.0
H,P1,0.0
H,P2,0.0
H,P3,0.0
H,P4,0.0
H,P5,0.0
H,Q1,0.0
H,Q2,0.0
H,Q3,0.0
He,K,24.60000105202198
He,L1,0.0
He,L2,0.0
He,L3,0.0
He,M1,0.0
He,M2,0.0
He,M3,0.0
He,M4,0.0
He,M5,0.0
He,N1,0.0
He,N2,0.0
He,N3,0.0
He,N4,0.0
He,N5,0.0
He,N6,0.0
He,N7,0.0
He,O1,0.0
He,O2,0.0
He,O3,0.0
He,O4,0.0
He,O5,0.0
He,O6,0.0
He,O7,0.0
He,P1,0.0
He,P2,0.0
He,P3,0.0
He,P4,0.0
He,P5,0.0
He,Q1,0.0
He,Q2,0.0
He,Q3,0.0
Li,K,54.800000041723251
Li,L1,5.3000003099441528
Li,L2,0.0
Li,L3,0.0
Li,M1,0.0
Li,M2,0.0
Li,M3,0.0
Li,M4,0.0
Li,M5,0.0
Li,N1,0.0
Li,N2,0.0
Li,N3,0.0
Li,N4,0.0
Li,N5,0.0
Li,N6,0.0
Li,N7,0.0
Li,O1,0.0
Li,O2,0.0
Li,O3,0.0
Li,O4,0.0
Li,O5,0.0
Li,O6,0.0
Li,O7,0.0
Li,P1,0.0
Li,P2,0.0
Li,P3,0.0
Li,P4,0.0
Li,P5,0.0
Li,Q1,0.0
Li,Q2,0.0
Li,Q3,0.0
Be,K,112.09999769926071
Be,L1,8.0000003799796104
Be,L2,0.0
Be,L3,0.0
Be,M1,0.0
Be,M2,0.0
Be,M3,0.0
Be,M4,0.0
Be,M5,0.0
Be,N1,0.0
Be,N2,0.0
Be,N3,0.0
Be,N4,0.0
Be,N5,0.0
Be,N6,0.0
Be,N7,0.0
Be,O1,0.0
Be,O2,0.0
Be,O3,0.0
Be,O4,0.0
Be,O5,0.0
Be,O6,0.0
Be,O7,0.0
Be,P1,0.0
Be,P2,0.0
Be,P3,0.0
Be,P4,0.0
Be,P5,0.0
Be,Q1,0.0
Be,Q2,0.0
Be,Q3,0.0
B,K,187.99999356269836
B,L1,12.600000016391277
B,L2,4.6999999321997166
B,L3,4.6999999321997166
B,M1,0.0
B,M2,0.0
B,M3,0.0
B,M4,0.0
B,M5,0.0
B,N1,0.0
B,N2,0.0
B,N3,0.0
B,N4,0.0
B,N5,0.0
B,N6,0.0
B,N7,0.0
B,O1,0.0
B,O2,0.0
B,O3,0.0
B,O4,0.0
B,O5,0.0
B,O6,0.0
B,O7,0.0
B,P1,0.0
B,P2,0.0
B,P3,0.0
B,P4,0.0
B,P5,0.0
B,Q1,0.0
B,Q2,0.0
B,Q3,0.0
C,K,283.79997611045837
C,L1,17.999999225139618
C,L2,6.4000003039836884
C,L3,6.4000003039836884
C,M1,0.0
C,M2,0.0
C,M3,0.0
C,M4,0.0
C,M5,0.0
C,N1,0.0
C,N2,0.0
C,N3,0.0
C,N4,0.0
C,N5,0.0
C,N6,0.0
C,N7,0.0
C,O1,0.0
C,O2,0.0
C,O3,0.0
C,O4,0.0
C,O5,0.0
C,O6,0.0
C,O7,0.0
C,P1,0.0
C,P2,0.0
C,P3,0.0
C,P4,0.0
C,P5,0.0
C,Q1,0.0
C,Q2,0.0
C,Q3,0.0
N,K,401.60000324249268
N,L1,24.399999529123306
N,L2,9.2000002041459084
N,L3,9.2000002041459084
N,M1,0.0
N,M2,0.0
N,M3,0.0
N,M4,0.0
N,M5,0.0
N,N1,0.0
N,N2,0.0
N,N3,0.0
N,N4,0.0
N,N5,0.0
N,N6,0.0
N,N7,0.0
N,O1,0.0
N,O2,0.0
N,O3,0.0
N,O4,0.0
N,O5,0.0
N,O6,0.0
N,O7,0.0
N,P1,0.0
N,P2,0.0
N,P3,0.0
N,P4,0.0
N,P5,0.0
N,Q1,0.0
N,Q2,0.0
N,Q3,0.0
O,K,532.00000524520874
O,L1,28.500000014901161
O,L2,7.1000000461935997
O,L3,7.1000000461935997
O,M1,0.0
O,M2,0.0
O,M3,0.0
O,M4,0.0
O,M5,0.0
O,N1,0.0
O,N2,0.0
O,N3,0.0
O,N4,0.0
O,N5,0.0
O,N6,0.0
O,N7,0.0
O,O1,0.0
O,O2,0.0
O,O3,0.0
O,O4,0.0
O,O5,0.0
O,O6,0.0
O,O7,0.0
O,P1,0.0
O,P2,0.0
O,P3,0.0
O,P4,0.0
O,P5,0.0
O,Q1,0.0
O,Q2,0.0
O,Q3,0.0
F,K,685.40000915527344
F,L1,34.000001847743988
F,L2,8.6000002920627594
F,L3,8.6000002920627594
F,M1,0.0
F,M2,0.0
F,M3,0.0
F,M4,0.0
F,M5,0.0
F,N1,0.0
F,N2,0.0
F,N3,0.0
F,N4,0.0
F,N5,0.0
F,N6,0.0
F,N7,0.0
F,O1,0.0
F,O2,0.0
F,O3,0.0
F,O4,0.0
F,O5,0.0
F,O6,0.0
F,O7,0.0
F,P1,0.0
F,P2,0.0
F,P3,0.0
F,P4,0.0
F,P5,0.0
F,Q1,0.0
F,Q2,0.0
F,Q3,0.0
Ne,K,870.09996175765991
Ne,L1,48.500001430511475
Ne,L2,21.700000390410423
Ne,L3,21.600000560283661
Ne,M1,0.0
Ne,M2,0.0
Ne,M3,0.0
Ne,M4,0.0
Ne,M5,0.0
Ne,N1,0.0
Ne,N2,0.0
Ne,N3,0.0
Ne,N4,0.0
Ne,N5,0.0
Ne,N6,0.0
Ne,N7,0.0
Ne,O1,0.0
Ne,O2,0.0
Ne,O3,0.0
Ne,O4,0.0
Ne,O5,0.0
Ne,O6,0.0
Ne,O7,0.0
Ne,P1,0.0
Ne,P2,0.0
Ne,P3,0.0
Ne,P4,0.0
Ne,P5,0.0
Ne,Q1,0.0
Ne,Q2,0.0
Ne,Q3,0.0
Na,K,1072.0999240875244
Na,L1,63.299998641014099
Na,L2,31.100001186132431
Na,L3,31.100001186132431
Na,M1,0.699999975040555
Na,M2,0.0
Na,M3,0.0
Na,M4,0.0
Na,M5,0.0
Na,N1,0.0
Na,N2,0.0
Na,N3,0.0
Na,N4,0.0
Na,N5,0.0
Na,N6,0.0
Na,N7,0.0
Na,O1,0.0
Na,O2,0.0
Na,O3,0.0
Na,O4,0.0
Na,O5,0.0
Na,O6,0.0
Na,O7,0.0
Na,P1,0.0
Na,P2,0.0
Na,P3,0.0
Na,P4,0.0
Na,P5,0.0
Na,Q1,0.0
Na,Q2,0.0
Na,Q3,0.0
Mg,K,1304.9999475479126
Mg,L1,89.400000870227814
Mg,L2,51.400002092123032
Mg,L3,51.400002092123032
Mg,M1,2.099999925121665
Mg,M2,0.0
Mg,M3,0.0
Mg,M4,0.0
Mg,M5,0.0
Mg,N1,0.0
Mg,N2,0.0
Mg,N3,0.0
Mg,N4,0.0
Mg,N5,0.0
Mg,N6,0.0
Mg,N7,0.0
Mg,O1,0.0
Mg,O2,0.0
Mg,O3,0.0
Mg,O4,0.0
Mg,O5,0.0
Mg,O6,0.0
Mg,O7,0.0
Mg,P1,0.0
Mg,P2,0.0
Mg,P3,0.0
Mg,P4,0.0
Mg,P5,0.0
Mg,Q1,0.0
Mg,Q2,0.0
Mg,Q3,0.0
Al,K,1559.5999956130981
Al,L1,117.69999563694
Al,L2,73.19999486207962
Al,L3,72.699993848800659
Al,M1,0.699999975040555
Al,M2,5.4999999701976776
Al,M3,5.4999999701976776
Al,M4,0.0
Al,M5,0.0
Al,N1,0.0
Al,N2,0.0
Al,N3,0.0
Al,N4,0.0
Al,N5,0.0
Al,N6,0.0
Al,N7,0.0
Al,O1,0.0
Al,O2,0.0
Al,O3,0.0
Al,O4,0.0
Al,O5,0.0
Al,O6,0.0
Al,O7,0.0
Al,P1,0.0
Al,P2,0.0
Al,P3,0.0
Al,P4,0.0
Al,P5,0.0
Al,Q1,0.0
Al,Q2,0.0
Al,Q3,0.0
Si,K,1838.8999700546265
Si,L1,148.69999885559082
Si,L2,99.500000476837158
Si,L3,98.900005221366882
Si,M1,7.6000001281499863
Si,M2,3.0000000260770321
Si,M3,3.0000000260770321
Si,M4,0.0
Si,M5,0.0
Si,N1,0.0
Si,N2,0.0
Si,N3,0.0
Si,N4,0.0
Si,N5,0.0
Si,N6,0.0
Si,N7,0.0
Si,O1,0.0
Si,O2,0.0
Si,O3,0.0
Si,O4,0.0
Si,O5,0.0
Si,O6,0.0
Si,O7,0.0
Si,P1,0.0
Si,P2,0.0
Si,P3,0.0
Si,P4,0.0
Si,P5,0.0
Si,Q1,0.0
Si,Q2,0.0
Si,Q3,0.0
P,K,2145.4999446868896
P,L1,189.30000066757202
P,L2,136.19999587535858
P,L3,135.30001044273376
P,M1,16.200000420212746
P,M2,9.8999999463558197
P,M3,9.8999999463558197
P,M4,0.0
P,M5,0.0
P,N1,0.0
P,N2,0.0
P,N3,0.0
P,N4,0.0
P,N5,0.0
P,N6,0.0
P,N7,0.0
P,O1,0.0
P,O2,0.0
P,O3,0.0
P,O4,0.0
P,O5,0.0
P,O6,0.0
P,O7,0.0
P,P1,0.0
P,P2,0.0
P,P3,0.0
P,P4,0.0
P,P5,0.0
P,Q1,0.0
P,Q2,0.0
P,Q3,0.0
S,K,2471.9998836517334
S,L1,229.19999063014984
S,L2,165.39999842643738
S,L3,164.19999301433563
S,M1,15.800001099705696
S,M2,8.0000003799796104
S,M3,8.0000003799796104
S,M4,0.0
S,M5,0.0
S,N1,0.0
S,N2,0.0
S,N3,0.0
S,N4,0.0
S,N5,0.0
S,N6,0.0
S,N7,0.0
S,O1,0.0
S,O2,0.0
S,O3,0.0
S,O4,0.0
S,O5,0.0
S,O6,0.0
S,O7,0.0
S,P1,0.0
S,P2,0.0
S,P3,0.0
S,P4,0.0
S,P5,0.0
S,Q1,0.0
S,Q2,0.0
S,Q3,0.0
Cl,K,2822.3998546600342
Cl,L1,270.20001411437988
Cl,L2,201.60000026226044
Cl,L3,200.00000298023224
Cl,M1,17.500000074505806
Cl,M2,6.8000000901520252
Cl,M3,6.8000000901520252
Cl,M4,0.0
Cl,M5,0.0
Cl,N1,0.0
Cl,N2,0.0
Cl,N3,0.0
Cl,N4,0.0
Cl,N5,0.0
Cl,N6,0.0
Cl,N7,0.0
Cl,O1,0.0
Cl,O2,0.0
Cl,O3,0.0
Cl,O4,0.0
Cl,O5,0.0
Cl,O6,0.0
Cl,O7,0.0
Cl,P1,0.0
Cl,P2,0.0
Cl,P3,0.0
Cl,P4,0.0
Cl,P5,0.0
Cl,Q1,0.0
Cl,Q2,0.0
Cl,Q3,0.0
Ar,K,3206.0000896453857
Ar,L1,326.2999951839447
Ar,L2,250.69999694824219
Ar,L3,248.60000610351562
Ar,M1,29.200000688433647
Ar,M2,15.899999067187309
Ar,M3,15.800001099705696
Ar,M4,0.0
Ar,M5,0.0
Ar,N1,0.0
Ar,N2,0.0
Ar,N3,0.0
Ar,N4,0.0
Ar,N5,0.0
Ar,N6,0.0
Ar,N7,0.0
Ar,O1,0.0
Ar,O2,0.0
Ar,O3,0.0
Ar,O4,0.0
Ar,O5,0.0
Ar,O6,0.0
Ar,O7,0.0
Ar,P1,0.0
Ar,P2,0.0
Ar,P3,0.0
Ar,P4,0.0
Ar,P5,0.0
Ar,Q1,0.0
Ar,Q2,0.0
Ar,Q3,0.0
K,K,3607.3999404907227
K,L1,377.10002064704895
K,L2,296.29999399185181
K,L3,293.59999299049377
K,M1,33.900000154972076
K,M2,17.799999564886093
K,M3,17.799999564886093
K,M4,0.0
K,M5,0.0
K,N1,0.0
K,N2,0.0
K,N3,0.0
K,N4,0.0
K,N5,0.0
K,N6,0.0
K,N7,0.0
K,O1,0.0
K,O2,0.0
K,O3,0.0
K,O4,0.0
K,O5,0.0
K,O6,0.0
K,O7,0.0
K,P1,0.0
K,P2,0.0
K,P3,0.0
K,P4,0.0
K,P5,0.0
K,Q1,0.0
K,Q2,0.0
K,Q3,0.0
Ca,K,4038.1002426147461
Ca,L1,437.79999017715454
Ca,L2,349.99999403953552
Ca,L3,346.39999270439148
Ca,M1,43.700002133846283
Ca,M2,25.399999693036079
Ca,M3,25.399999693036079
Ca,M4,0.0
Ca,M5,0.0
Ca,N1,0.0
Ca,N2,0.0
Ca,N3,0.0
Ca,N4,0.0
Ca,N5,0.0
Ca,N6,0.0
Ca,N7,0.0
Ca,O1,0.0
Ca,O2,0.0
Ca,O3,0.0
Ca,O4,0.0
Ca,O5,0.0
Ca,O6,0.0
Ca,O7,0.0
Ca,P1,0.0
Ca,P2,0.0
Ca,P3,0.0
Ca,P4,0.0
Ca,P5,0.0
Ca,Q1,0.0
Ca,Q2,0.0
Ca,Q3,0.0
Sc,K,4492.7997589111328
Sc,L1,500.40000677108765
Sc,L2,406.7000150680542
Sc,L3,402.20001339912415
Sc,M1,53.799998015165329
Sc,M2,32.29999914765358
Sc,M3,32.29999914765358
Sc,M4,6.5999999642372131
Sc,M5,6.5999999642372131
Sc,N1,0.0
Sc,N2,0.0
Sc,N3,0.0
Sc,N4,0.0
Sc,N5,0.0
Sc,N6,0.0
Sc,N7,0.0
Sc,O1,0.0
Sc,O2,0.0
Sc,O3,0.0
Sc,O4,0.0
Sc,O5,0.0
Sc,O6,0.0
Sc,O7,0.0
Sc,P1,0.0
Sc,P2,0.0
Sc,P3,0.0
Sc,P4,0.0
Sc,P5,0.0
Sc,Q1,0.0
Sc,Q2,0.0
Sc,Q3,0.0
Ti,K,4966.3996696472168
Ti,L1,563.70002031326294
Ti,L2,461.49998903274536
Ti,L3,455.50000667572021
Ti,M1,60.300000011920929
Ti,M2,34.599997103214264
Ti,M3,34.599997103214264
Ti,M4,3.7000000011175871
Ti,M5,3.7000000011175871
Ti,N1,0.0
Ti,N2,0.0
Ti,N3,0.0
Ti,N4,0.0
Ti,N5,0.0
Ti,N6,0.0
Ti,N7,0.0
Ti,O1,0.0
Ti,O2,0.0
Ti,O3,0.0
Ti,O4,0.0
Ti,O5,0.0
Ti,O6,0.0
Ti,O7,0.0
Ti,P1,0.0
Ti,P2,0.0
Ti,P3,0.0
Ti,P4,0.0
Ti,P5,0.0
Ti,Q1,0.0
Ti,Q2,0.0
Ti,Q3,0.0
V,K,5465.1002883911133
V,L1,628.1999945640564
V,L2,520.50000429153442
V,L3,512.89999485015869
V,M1,66.500000655651093
V,M2,37.799999117851257
V,M3,37.799999117851257
V,M4,2.199999988079071
V,M5,2.199999988079071
V,N1,0.0
V,N2,0.0
V,N3,0.0
V,N4,0.0
V,N5,0.0
V,N6,0.0
V,N7,0.0
V,O1,0.0
V,O2,0.0
V,O3,0.0
V,O4,0.0
V,O5,0.0
V,O6,0.0
V,O7,0.0
V,P1,0.0
V,P2,0.0
V,P3,0.0
V,P4,0.0
V,P5,0.0
V,Q1,0.0
V,Q2,0.0
V,Q3,0.0
Cr,K,5989.2001152038574
Cr,L1,694.59998607635498
Cr,L2,583.70000123977661
Cr,L3,574.50002431869507
Cr,M1,74.099995195865631
Cr,M2,42.500000447034836
Cr,M3,42.500000447034836
Cr,M4,2.3000000510364771
Cr,M5,2.3000000510364771
Cr,N1,0.0
Cr,N2,0.0
Cr,N3,0.0
Cr,N4,0.0
Cr,N5,0.0
Cr,N6,0.0
Cr,N7,0.0
Cr,O1,0.0
Cr,O2,0.0
Cr,O3,0.0
Cr,O4,0.0
Cr,O5,0.0
Cr,O6,0.0
Cr,O7,0.0
Cr,P1,0.0
Cr,P2,0.0
Cr,P3,0.0
Cr,P4,0.0
Cr,P5,0.0
Cr,Q1,0.0
Cr,Q2,0.0
Cr,Q3,0.0
Mn,K,6539.0000343322754
Mn,L1,768.99999380111694
Mn,L2,651.40002965927124
Mn,L3,640.29997587203979
Mn,M1,83.900004625320435
Mn,M2,48.599999397993088
Mn,M3,48.599999397993088
Mn,M4,3.2999999821186066
Mn,M5,3.2999999821186066
Mn,N1,0.0
Mn,N2,0.0
Mn,N3,0.0
Mn,N4,0.0
Mn,N5,0.0
Mn,N6,0.0
Mn,N7,0.0
Mn,O1,0.0
Mn,O2,0.0
Mn,O3,0.0
Mn,O4,0.0
Mn,O5,0.0
Mn,O6,0.0
Mn,O7,0.0
Mn,P1,0.0
Mn,P2,0.0
Mn,P3,0.0
Mn,P4,0.0
Mn,P5,0.0
Mn,Q1,0.0
Mn,Q2,0.0
Mn,Q3,0.0
Fe,K,7111.9999885559082
Fe,L1,846.09997272491455
Fe,L2,721.09997272491455
Fe,L3,708.09996128082275
Fe,M1,92.900000512599945
Fe,M2,54.000001400709152
Fe,M3,54.000001400709152
Fe,M4,3.599999938160181
Fe,M5,3.599999938160181
Fe,N1,0.0
Fe,N2,0.0
Fe,N3,0.0
Fe,N4,0.0
Fe,N5,0.0
Fe,N6,0.0
Fe,N7,0.0
Fe,O1,0.0
Fe,O2,0.0
Fe,O3,0.0
Fe,O4,0.0
Fe,O5,0.0
Fe,O6,0.0
Fe,O7,0.0
Fe,P1,0.0
Fe,P2,0.0
Fe,P3,0.0
Fe,P4,0.0
Fe,P5,0.0
Fe,Q1,0.0
Fe,Q2,0.0
Fe,Q3,0.0
Co,K,7708.899974822998
Co,L1,925.59999227523804
Co,L2,793.59996318817139
Co,L3,778.59997749328613
Co,M1,100.69999843835831
Co,M2,59.50000137090683
Co,M3,59.50000137090683
Co,M4,2.9000001959502697
Co,M5,2.9000001959502697
Co,N1,0.0
Co,N2,0.0
Co,N3,0.0
Co,N4,0.0
Co,N5,0.0
Co,N6,0.0
Co,N7,0.0
Co,O1,0.0
Co,O2,0.0
Co,O3,0.0
Co,O4,0.0
Co,O5,0.0
Co,O6,0.0
Co,O7,0.0
Co,P1,0.0
Co,P2,0.0
Co,P3,0.0
Co,P4,0.0
Co,P5,0.0
Co,Q1,0.0
Co,Q2,0.0
Co,Q3,0.0
Ni,K,8332.7999114990234
Ni,L1,1008.1000328063965
Ni,L2,871.90002202987671
Ni,L3,854.70002889633179
Ni,M1,111.80000007152557
Ni,M2,68.099997937679291
Ni,M3,68.099997937679291
Ni,M4,3.599999938160181
Ni,M5,3.599999938160181
Ni,N1,0.0
Ni,N2,0.0
Ni,N3,0.0
Ni,N4,0.0
Ni,N5,0.0
Ni,N6,0.0
Ni,N7,0.0
Ni,O1,0.0
Ni,O2,0.0
Ni,O3,0.0
Ni,O4,0.0
Ni,O5,0.0
Ni,O6,0.0
Ni,O7,0.0
Ni,P1,0.0
Ni,P2,0.0
Ni,P3,0.0
Ni,P4,0.0
Ni,P5,0.0
Ni,Q1,0.0
Ni,Q2,0.0
Ni,Q3,0.0
Cu,K,8978.8999557495117
Cu,L1,1096.0999727249146
Cu,L2,950.99997520446777
Cu,L3,931.09995126724243
Cu,M1,119.80000138282776
Cu,M2,73.600001633167267
Cu,M3,73.600001633167267
Cu,M4,1.6000000759959221
Cu,M5,1.6000000759959221
Cu,N1,0.0
Cu,N2,0.0
Cu,N3,0.0
Cu,N4,0.0
Cu,N5,0.0
Cu,N6,0.0
Cu,N7,0.0
Cu,O1,0.0
Cu,O2,0.0
Cu,O3,0.0
Cu,O4,0.0
Cu,O5,0.0
Cu,O6,0.0
Cu,O7,0.0
Cu,P1,0.0
Cu,P2,0.0
Cu,P3,0.0
Cu,P4,0.0
Cu,P5,0.0
Cu,Q1,0.0
Cu,Q2,0.0
Cu,Q3,0.0
Zn,K,9658.599853515625
Zn,L1,1193.5999393463135
Zn,L2,1042.8000688552856
Zn,L3,1019.7000503540039
Zn,M1,135.89999079704285
Zn,M2,86.59999817609787
Zn,M3,86.59999817609787
Zn,M4,8.1000002101063728
Zn,M5,8.1000002101063728
Zn,N1,0.0
Zn,N2,0.0
Zn,N3,0.0
Zn,N4,0.0
Zn,N5,0.0
Zn,N6,0.0
Zn,N7,0.0
Zn,O1,0.0
Zn,O2,0.0
Zn,O3,0.0
Zn,O4,0.0
Zn,O5,0.0
Zn,O6,0.0
Zn,O7,0.0
Zn,P1,0.0
Zn,P2,0.0
Zn,P3,0.0
Zn,P4,0.0
Zn,P5,0.0
Zn,Q1,0.0
Zn,Q2,0.0
Zn,Q3,0.0
Ga,K,10367.099761962891
Ga,L1,1297.6999282836914
Ga,L2,1142.300009727478
Ga,L3,1115.4000759124756
Ga,M1,158.10000896453857
Ga,M2,106.80000483989716
Ga,M3,102.89999842643738
Ga,M4,17.400000244379044
Ga,M5,17.400000244379044
Ga,N1,1.500000013038516
Ga,N2,0.80000003799796104
Ga,N3,0.80000003799796104
Ga,N4,0.0
Ga,N5,0.0
Ga,N6,0.0
Ga,N7,0.0
Ga,O1,0.0
Ga,O2,0.0
Ga,O3,0.0
Ga,O4,0.0
Ga,O5,0.0
Ga,O6,0.0
Ga,O7,0.0
Ga,P1,0.0
Ga,P2,0.0
Ga,P3,0.0
Ga,P4,0.0
Ga,P5,0.0
Ga,Q1,0.0
Ga,Q2,0.0
Ga,Q3,0.0
Ge,K,11103.099822998047
Ge,L1,1414.3000841140747
Ge,L2,1247.7999925613403
Ge,L3,1216.6999578475952
Ge,M1,180.00000715255737
Ge,M2,127.90000438690186
Ge,M3,120.80000340938568
Ge,M4,28.700001537799835
Ge,M5,28.700001537799835
Ge,N1,4.999999888241291
Ge,N2,2.3000000510364771
Ge,N3,2.3000000510364771
Ge,N4,0.0
Ge,N5,0.0
Ge,N6,0.0
Ge,N7,0.0
Ge,O1,0.0
Ge,O2,0.0
Ge,O3,0.0
Ge,O4,0.0
Ge,O5,0.0
Ge,O6,0.0
Ge,O7,0.0
Ge,P1,0.0
Ge,P2,0.0
Ge,P3,0.0
Ge,P4,0.0
Ge,P5,0.0
Ge,Q1,0.0
Ge,Q2,0.0
Ge,Q3,0.0
As,K,11866.700172424316
As,L1,1526.4999866485596
As,L2,1358.6000204086304
As,L3,1323.0999708175659
As,M1,203.50000262260437
As,M2,146.39998972415924
As,M3,140.49999415874481
As,M4,41.200000792741776
As,M5,41.200000792741776
As,N1,8.500000461935997
As,N2,2.4999999441206455
As,N3,2.4999999441206455
As,N4,0.0
As,N5,0.0
As,N6,0.0
As,N7,0.0
As,O1,0.0
As,O2,0.0
As,O3,0.0
As,O4,0.0
As,O5,0.0
As,O6,0.0
As,O7,0.0
As,P1,0.0
As,P2,0.0
As,P3,0.0
As,P4,0.0
As,P5,0.0
As,Q1,0.0
As,Q2,0.0
As,Q3,0.0
Se,K,12657.79972076416
Se,L1,1653.9000272750854
Se,L2,1476.1999845504761
Se,L3,1435.8000755310059
Se,M1,231.49999976158142
Se,M2,168.20000112056732
Se,M3,161.89999878406525
Se,M4,56.700002402067184
Se,M5,56.700002402067184
Se,N1,12.000000104308128
Se,N2,5.59999980032444
Se,N3,5.59999980032444
Se,N4,0.0
Se,N5,0.0
Se,N6,0.0
Se,N7,0.0
Se,O1,0.0
Se,O2,0.0
Se,O3,0.0
Se,O4,0.0
Se,O5,0.0
Se,O6,0.0
Se,O7,0.0
Se,P1,0.0
Se,P2,0.0
Se,P3,0.0
Se,P4,0.0
Se,P5,0.0
Se,Q1,0.0
Se,Q2,0.0
Se,Q3,0.0
Br,K,13473.700523376465
Br,L1,1781.999945640564
Br,L2,1595.9999561309814
Br,L3,1549.9000549316406
Br,M1,256.5000057220459
Br,M2,189.30000066757202
Br,M3,181.50000274181366
Br,M4,70.100001990795135
Br,M5,68.999998271465302
Br,N1,27.299998328089714
Br,N2,5.2000000141561031
Br,N3,4.6000001020729542
Br,N4,0.0
Br,N5,0.0
Br,N6,0.0
Br,N7,0.0
Br,O1,0.0
Br,O2,0.0
Br,O3,0.0
Br,O4,0.0
Br,O5,0.0
Br,O6,0.0
Br,O7,0.0
Br,P1,0.0
Br,P2,0.0
Br,P3,0.0
Br,P4,0.0
Br,P5,0.0
Br,Q1,0.0
Br,Q2,0.0
Br,Q3,0.0
Kr,K,14325.599670410156
Kr,L1,1921.0000038146973
Kr,L2,1727.199912071228
Kr,L3,1674.9000549316406
Kr,M1,292.10001230239868
Kr,M2,221.79999947547913
Kr,M3,214.49999511241913
Kr,M4,94.999998807907104
Kr,M5,93.800000846385956
Kr,N1,27.499999850988388
Kr,N2,14.700000174343586
Kr,N3,14.000000432133675
Kr,N4,0.0
Kr,N5,0.0
Kr,N6,0.0
Kr,N7,0.0
Kr,O1,0.0
Kr,O2,0.0
Kr,O3,0.0
Kr,O4,0.0
Kr,O5,0.0
Kr,O6,0.0
Kr,O7,0.0
Kr,P1,0.0
Kr,P2,0.0
Kr,P3,0.0
Kr,P4,0.0
Kr,P5,0.0
Kr,Q1,0.0
Kr,Q2,0.0
Kr,Q3,0.0
Rb,K,15199.700355529785
Rb,L1,2065.1001930236816
Rb,L2,1863.9000654220581
Rb,L3,1804.3999671936035
Rb,M1,322.10001349449158
Rb,M2,247.40000069141388
Rb,M3,238.49999904632568
Rb,M4,111.80000007152557
Rb,M5,110.30000448226929
Rb,N1,29.29999865591526
Rb,N2,14.800000004470348
Rb,N3,14.000000432133675
Rb,N4,0.0
Rb,N5,0.0
Rb,N6,0.0
Rb,N7,0.0
Rb,O1,0.0
Rb,O2,0.0
Rb,O3,0.0
Rb,O4,0.0
Rb,O5,0.0
Rb,O6,0.0
Rb,O7,0.0
Rb,P1,0.0
Rb,P2,0.0
Rb,P3,0.0
Rb,P4,0.0
Rb,P5,0.0
Rb,Q1,0.0
Rb,Q2,0.0
Rb,Q3,0.0
Sr,K,16104.598999023438
Sr,L1,2216.3000106811523
Sr,L2,2006.7999362945557
Sr,L3,1939.5999908447266
Sr,M1,357.49998688697815
Sr,M2,279.79999780654907
Sr,M3,269.10001039505005
Sr,M4,135.00000536441803
Sr,M5,133.1000030040741
Sr,N1,37.700001150369644
Sr,N2,19.899999722838402
Sr,N3,19.899999722838402
Sr,N4,0.0
Sr,N5,0.0
Sr,N6,0.0
Sr,N7,0.0
Sr,O1,0.0
Sr,O2,0.0
Sr,O3,0.0
Sr,O4,0.0
Sr,O5,0.0
Sr,O6,0.0
Sr,O7,0.0
Sr,P1,0.0
Sr,P2,0.0
Sr,P3,0.0
Sr,P4,0.0
Sr,P5,0.0
Sr,Q1,0.0
Sr,Q2,0.0
Sr,Q3,0.0
Y,K,17038.400650024414
Y,L1,2372.499942779541
Y,L2,2155.4999351501465
Y,L3,2079.9999237060547
Y,M1,393.60001683235168
Y,M2,312.39998340606689
Y,M3,300.3000020980835
Y,M4,159.60000455379486
Y,M5,157.39999711513519
Y,N1,45.400001108646393
Y,N2,25.600001215934753
Y,N3,25.600001215934753
Y,N4,2.4000001139938831
Y,N5,2.4000001139938831
Y,N6,0.0
Y,N7,0.0
Y,O1,0.0
Y,O2,0.0
Y,O3,0.0
Y,O4,0.0
Y,O5,0.0
Y,O6,0.0
Y,O7,0.0
Y,P1,0.0
Y,P2,0.0
Y,P3,0.0
Y,P4,0.0
Y,P5,0.0
Y,Q1,0.0
Y,Q2,0.0
Y,Q3,0.0
Zr,K,17997.600555419922
Zr,L1,2531.5999984741211
Zr,L2,2306.6999912261963
Zr,L3,2222.3000526428223
Zr,M1,430.29999732971191
Zr,M2,344.2000150680542
Zr,M3,330.50000667572021
Zr,M4,182.39998817443848
Zr,M5,180.00000715255737
Zr,N1,51.30000039935112
Zr,N2,28.700001537799835
Zr,N3,28.700001537799835
Zr,N4,3.0000000260770321
Zr,N5,3.0000000260770321
Zr,N6,0.0
Zr,N7,0.0
Zr,O1,0.0
Zr,O2,0.0
Zr,O3,0.0
Zr,O4,0.0
Zr,O5,0.0
Zr,O6,0.0
Zr,O7,0.0
Zr,P1,0.0
Zr,P2,0.0
Zr,P3,0.0
Zr,P4,0.0
Zr,P5,0.0
Zr,Q1,0.0
Zr,Q2,0.0
Zr,Q3,0.0
Nb,K,18985.599517822266
Nb,L1,2697.700023651123
Nb,L2,2464.6999835968018
Nb,L3,2370.5000877380371
Nb,M1,468.40000152587891
Nb,M2,378.39999794960022
Nb,M3,363.00000548362732
Nb,M4,207.39999413490295
Nb,M5,204.6000063419342
Nb,N1,58.100000023841858
Nb,N2,33.900000154972076
Nb,N3,33.900000154972076
Nb,N4,3.2000001519918442
Nb,N5,3.2000001519918442
Nb,N6,0.0
Nb,N7,0.0
Nb,O1,0.0
Nb,O2,0.0
Nb,O3,0.0
Nb,O4,0.0
Nb,O5,0.0
Nb,O6,0.0
Nb,O7,0.0
Nb,P1,0.0
Nb,P2,0.0
Nb,P3,0.0
Nb,P4,0.0
Nb,P5,0.0
Nb,Q1,0.0
Nb,Q2,0.0
Nb,Q3,0.0
Mo,K,19999.500274658203
Mo,L1,2865.4999732971191
Mo,L2,2625.1001358032227
Mo,L3,2520.2000141143799
Mo,M1,504.59998846054077
Mo,M2,409.70000624656677
Mo,M3,392.29997992515564
Mo,M4,230.30000925064087
Mo,M5,226.99999809265137
Mo,N1,61.799999326467514
Mo,N2,34.800000488758087
Mo,N3,34.800000488758087
Mo,N4,1.7999999690800905
Mo,N5,1.7999999690800905
Mo,N6,0.0
Mo,N7,0.0
Mo,O1,0.0
Mo,O2,0.0
Mo,O3,0.0
Mo,O4,0.0
Mo,O5,0.0
Mo,O6,0.0
Mo,O7,0.0
Mo,P1,0.0
Mo,P2,0.0
Mo,P3,0.0
Mo,P4,0.0
Mo,P5,0.0
Mo,Q1,0.0
Mo,Q2,0.0
Mo,Q3,0.0
Tc,K,21044.000625610352
Tc,L1,3042.5000190734863
Tc,L2,2793.2000160217285
Tc,L3,2676.8999099731445
Tc,M1,544.00002956390381
Tc,M2,444.90000605583191
Tc,M3,425.00001192092896
Tc,M4,256.39998912811279
Tc,M5,252.90000438690186
Tc,N1,68.000003695487976
Tc,N2,38.900002837181091
Tc,N3,38.900002837181091
Tc,N4,2.0000000949949026
Tc,N5,2.0000000949949026
Tc,N6,0.0
Tc,N7,0.0
Tc,O1,0.0
Tc,O2,0.0
Tc,O3,0.0
Tc,O4,0.0
Tc,O5,0.0
Tc,O6,0.0
Tc,O7,0.0
Tc,P1,0.0
Tc,P2,0.0
Tc,P3,0.0
Tc,P4,0.0
Tc,P5,0.0
Tc,Q1,0.0
Tc,Q2,0.0
Tc,Q3,0.0
Ru,K,22117.198944091797
Ru,L1,3223.9999771118164
Ru,L2,2966.8998718261719
Ru,L3,2837.899923324585
Ru,M1,584.99997854232788
Ru,M2,482.79997706413269
Ru,M3,460.60001850128174
Ru,M4,283.60000252723694
Ru,M5,279.39999103546143
Ru,N1,74.900001287460327
Ru,N2,43.09999942779541
Ru,N3,43.09999942779541
Ru,N4,2.0000000949949026
Ru,N5,2.0000000949949026
Ru,N6,0.0
Ru,N7,0.0
Ru,O1,0.0
Ru,O2,0.0
Ru,O3,0.0
Ru,O4,0.0
Ru,O5,0.0
Ru,O6,0.0
Ru,O7,0.0
Ru,P1,0.0
Ru,P2,0.0
Ru,P3,0.0
Ru,P4,0.0
Ru,P5,0.0
Ru,Q1,0.0
Ru,Q2,0.0
Ru,Q3,0.0
Rh,K,23219.900131225586
Rh,L1,3411.8998050689697
Rh,L2,3146.1000442504883
Rh,L3,3003.8001537322998
Rh,M1,627.09999084472656
Rh,M2,521.00002765655518
Rh,M3,496.20002508163452
Rh,M4,311.70001626014709
Rh,M5,307.00001120567322
Rh,N1,81.000000238418579
Rh,N2,47.9000024497509
Rh,N3,47.9000024497509
Rh,N4,2.4999999441206455
Rh,N5,2.4999999441206455
Rh,N6,0.0
Rh,N7,0.0
Rh,O1,0.0
Rh,O2,0.0
Rh,O3,0.0
Rh,O4,0.0
Rh,O5,0.0
Rh,O6,0.0
Rh,O7,0.0
Rh,P1,0.0
Rh,P2,0.0
Rh,P3,0.0
Rh,P4,0.0
Rh,P5,0.0
Rh,Q1,0.0
Rh,Q2,0.0
Rh,Q3,0.0
Pd,K,24350.299835205078
Pd,L1,3604.3000221252441
Pd,L2,3330.3000926971436
Pd,L3,3173.30002784729
Pd,M1,669.90000009536743
Pd,M2,559.09997224807739
Pd,M3,531.49998188018799
Pd,M4,340.00000357627869
Pd,M5,334.70001816749573
Pd,N1,86.400002241134644
Pd,N2,51.099997013807297
Pd,N3,51.099997013807297
Pd,N4,1.500000013038516
Pd,N5,1.500000013038516
Pd,N6,0.0
Pd,N7,0.0
Pd,O1,0.0
Pd,O2,0.0
Pd,O3,0.0
Pd,O4,0.0
Pd,O5,0.0
Pd,O6,0.0
Pd,O7,0.0
Pd,P1,0.0
Pd,P2,0.0
Pd,P3,0.0
Pd,P4,0.0
Pd,P5,0.0
Pd,Q1,0.0
Pd,Q2,0.0
Pd,Q3,0.0
Ag,K,25513.999938964844
Ag,L1,3805.7999610900879
Ag,L2,3523.6999988555908
Ag,L3,3351.1002063751221
Ag,M1,717.49997138977051
Ag,M2,602.40000486373901
Ag,M3,571.40004634857178
Ag,M4,372.79999256134033
Ag,M5,366.70002341270447
Ag,N1,95.199994742870331
Ag,N2,62.600001692771912
Ag,N3,55.900000035762787
Ag,N4,3.2999999821186066
Ag,N5,3.2999999821186066
Ag,N6,0.0
Ag,N7,0.0
Ag,O1,0.0
Ag,O2,0.0
Ag,O3,0.0
Ag,O4,0.0
Ag,O5,0.0
Ag,O6,0.0
Ag,O7,0.0
Ag,P1,0.0
Ag,P2,0.0
Ag,P3,0.0
Ag,P4,0.0
Ag,P5,0.0
Ag,Q1,0.0
Ag,Q2,0.0
Ag,Q3,0.0
Cd,K,26711.198806762695
Cd,L1,4018.0001258850098
Cd,L2,3726.9999980926514
Cd,L3,3537.4999046325684
Cd,M1,770.20001411437988
Cd,M2,650.70003271102905
Cd,M3,616.50002002716064
Cd,M4,410.49998998641968
Cd,M5,403.70002388954163
Cd,N1,107.59999603033066
Cd,N2,66.899999976158142
Cd,N3,66.899999976158142
Cd,N4,9.3000000342726707
Cd,N5,9.3000000342726707
Cd,N6,0.0
Cd,N7,0.0
Cd,O1,2.199999988079071
Cd,O2,2.199999988079071
Cd,O3,2.199999988079071
Cd,O4,0.0
Cd,O5,0.0
Cd,O6,0.0
Cd,O7,0.0
Cd,P1,0.0
Cd,P2,0.0
Cd,P3,0.0
Cd,P4,0.0
Cd,P5,0.0
Cd,Q1,0.0
Cd,Q2,0.0
Cd,Q3,0.0
In,K,27939.899444580078
In,L1,4237.5001907348633
In,L2,3937.999963760376
In,L3,3730.100154876709
In,M1,825.59996843338013
In,M2,702.19999551773071
In,M3,664.29996490478516
In,M4,450.80000162124634
In,M5,443.10000538825989
In,N1,121.89999967813492
In,N2,77.399998903274536
In,N3,77.399998903274536
In,N4,16.200000420212746
In,N5,16.200000420212746
In,N6,0.0
In,N7,0.0
In,O1,0.10000000474974513
In,O2,0.80000003799796104
In,O3,0.80000003799796104
In,O4,0.0
In,O5,0.0
In,O6,0.0
In,O7,0.0
In,P1,0.0
In,P2,0.0
In,P3,0.0
In,P4,0.0
In,P5,0.0
In,Q1,0.0
In,Q2,0.0
In,Q3,0.0
Sn,K,29200.099945068359
Sn,L1,4464.7002220153809
Sn,L2,4156.1002731323242
Sn,L3,3928.800106048584
Sn,M1,883.7999701499939
Sn,M2,756.40004873275757
Sn,M3,714.40005302429199
Sn,M4,493.29999089241028
Sn,M5,484.79998111724854
Sn,N1,136.50000095367432
Sn,N2,88.599994778633118
Sn,N3,88.599994778633118
Sn,N4,23.900000378489494
Sn,N5,23.900000378489494
Sn,N6,0.0
Sn,N7,0.0
Sn,O1,0.89999998454004526
Sn,O2,1.0999999940395355
Sn,O3,1.0999999940395355
Sn,O4,0.0
Sn,O5,0.0
Sn,O6,0.0
Sn,O7,0.0
Sn,P1,0.0
Sn,P2,0.0
Sn,P3,0.0
Sn,P4,0.0
Sn,P5,0.0
Sn,Q1,0.0
Sn,Q2,0.0
Sn,Q3,0.0
Sb,K,30491.199493408203
Sb,L1,4698.2998847961426
Sb,L2,4380.3997039794922
Sb,L3,4132.2002410888672
Sb,M1,943.70001554489136
Sb,M2,811.90001964569092
Sb,M3,765.59996604919434
Sb,M4,536.90004348754883
Sb,M5,527.4999737739563
Sb,N1,151.99999511241913
Sb,N2,98.400004208087921
Sb,N3,98.400004208087921
Sb,N4,31.399998813867569
Sb,N5,31.399998813867569
Sb,N6,0.0
Sb,N7,0.0
Sb,O1,6.6999997943639755
Sb,O2,2.099999925121665
Sb,O3,2.099999925121665
Sb,O4,0.0
Sb,O5,0.0
Sb,O6,0.0
Sb,O7,0.0
Sb,P1,0.0
Sb,P2,0.0
Sb,P3,0.0
Sb,P4,0.0
Sb,P5,0.0
Sb,Q1,0.0
Sb,Q2,0.0
Sb,Q3,0.0
Te,K,31813.800811767578
Te,L1,4939.2004013061523
Te,L2,4611.9999885559082
Te,L3,4341.3996696472168
Te,M1,1006.0000419616699
Te,M2,869.70001459121704
Te,M3,818.70001554489136
Te,M4,582.49998092651367
Te,M5,572.09998369216919
Te,N1,168.30000281333923
Te,N2,110.19999533891678
Te,N3,110.19999533891678
Te,N4,39.799999445676804
Te,N5,39.799999445676804
Te,N6,0.0
Te,N7,0.0
Te,O1,11.600000783801079
Te,O2,2.3000000510364771
Te,O3,2.3000000510364771
Te,O4,0.0
Te,O5,0.0
Te,O6,0.0
Te,O7,0.0
Te,P1,0.0
Te,P2,0.0
Te,P3,0.0
Te,P4,0.0
Te,P5,0.0
Te,Q1,0.0
Te,Q2,0.0
Te,Q3,0.0
I,K,33169.399261474609
I,L1,5188.0998611450195
I,L2,4852.0998954772949
I,L3,4557.1002960205078
I,M1,1072.0999240875244
I,M2,930.49997091293335
I,M3,874.59999322891235
I,M4,631.29997253417969
I,M5,619.4000244140625
I,N1,186.39999628067017
I,N2,122.69999831914902
I,N3,122.69999831914902
I,N4,49.599997699260712
I,N5,49.599997699260712
I,N6,0.0
I,N7,0.0
I,O1,13.60000018030405
I,O2,3.2999999821186066
I,O3,3.2999999821186066
I,O4,0.0
I,O5,0.0
I,O6,0.0
I,O7,0.0
I,P1,0.0
I,P2,0.0
I,P3,0.0
I,P4,0.0
I,P5,0.0
I,Q1,0.0
I,Q2,0.0
I,Q3,0.0
Xe,K,34564.399719238281
Xe,L1,5452.7997970581055
Xe,L2,5103.7001609802246
Xe,L3,4782.2003364562988
Xe,M1,1148.6999988555908
Xe,M2,1002.0999908447266
Xe,M3,940.59997797012329
Xe,M4,689.40001726150513
Xe,M5,676.69999599456787
Xe,N1,213.30000460147858
Xe,N2,145.50000429153442
Xe,N3,145.50000429153442
Xe,N4,69.499999284744263
Xe,N5,67.500002682209015
Xe,N6,0.0
Xe,N7,0.0
Xe,O1,23.399999365210533
Xe,O2,13.399999588727951
Xe,O3,12.099999934434891
Xe,O4,0.0
Xe,O5,0.0
Xe,O6,0.0
Xe,O7,0.0
Xe,P1,0.0
Xe,P2,0.0
Xe,P3,0.0
Xe,P4,0.0
Xe,P5,0.0
Xe,Q1,0.0
Xe,Q2,0.0
Xe,Q3,0.0
Cs,K,35984.600067138672
Cs,L1,5714.2996788024902
Cs,L2,5359.3997955322266
Cs,L3,5011.8999481201172
Cs,M1,1217.1000242233276
Cs,M2,1065.000057220459
Cs,M3,997.59995937347412
Cs,M4,739.49998617172241
Cs,M5,725.49998760223389
Cs,N1,230.80000281333923
Cs,N2,172.29999601840973
Cs,N3,161.60000860691071
Cs,N4,78.800000250339508
Cs,N5,76.499998569488525
Cs,N6,0.0
Cs,N7,0.0
Cs,O1,22.700000554323196
Cs,O2,13.100000098347664
Cs,O3,11.399999260902405
Cs,O4,0.0
Cs,O5,0.0
Cs,O6,0.0
Cs,O7,0.0
Cs,P1,0.0
Cs,P2,0.0
Cs,P3,0.0
Cs,P4,0.0
Cs,P5,0.0
Cs,Q1,0.0
Cs,Q2,0.0
Cs,Q3,0.0
Ba,K,37440.601348876953
Ba,L1,5988.7995719909668
Ba,L2,5623.6000061035156
Ba,L3,5247.0002174377441
Ba,M1,1292.8000688552856
Ba,M2,1136.699914932251
Ba,M3,1062.1999502182007
Ba,M4,796.0999608039856
Ba,M5,780.70002794265747
Ba,N1,252.99999117851257
Ba,N2,191.79999828338623
Ba,N3,179.70000207424164
Ba,N4,92.500001192092896
Ba,N5,89.900001883506775
Ba,N6,0.0
Ba,N7,0.0
Ba,O1,29.100000858306885
Ba,O2,16.599999740719795
Ba,O3,14.600000344216824
Ba,O4,0.0
Ba,O5,0.0
Ba,O6,0.0
Ba,O7,0.0
Ba,P1,0.0
Ba,P2,0.0
Ba,P3,0.0
Ba,P4,0.0
Ba,P5,0.0
Ba,Q1,0.0
Ba,Q2,0.0
Ba,Q3,0.0
La,K,38924.602508544922
La,L1,6266.2997245788574
La,L2,5890.6002044677734
La,L3,5482.7003479003906
La,M1,1361.299991607666
La,M2,1204.4000625610352
La,M3,1123.3999729156494
La,M4,848.50001335144043
La,M5,831.70002698898315
La,N1,270.39998769760132
La,N2,205.79999685287476
La,N3,191.39999151229858
La,N4,98.900005221366882
La,N5,98.900005221366882
La,N6,0.0
La,N7,0.0
La,O1,32.29999914765358
La,O2,14.399999752640724
La,O3,14.399999752640724
La,O4,0.0
La,O5,0.0
La,O6,0.0
La,O7,0.0
La,P1,0.0
La,P2,0.0
La,P3,0.0
La,P4,0.0
La,P5,0.0
La,Q1,0.0
La,Q2,0.0
La,Q3,0.0
Ce,K,40443.000793457031
Ce,L1,6548.799991607666
Ce,L2,6164.2003059387207
Ce,L3,5723.4001159667969
Ce,M1,1434.5999956130981
Ce,M2,1272.800087928772
Ce,M3,1185.4000091552734
Ce,M4,901.30001306533813
Ce,M5,883.30000638961792
Ce,N1,289.60001468658447
Ce,N2,223.30000996589661
Ce,N3,207.19999074935913
Ce,N4,109.99999940395355
Ce,N5,109.99999940395355
Ce,N6,0.10000000474974513
Ce,N7,0.10000000474974513
Ce,O1,37.799999117851257
Ce,O2,19.799999892711639
Ce,O3,19.799999892711639
Ce,O4,0.0
Ce,O5,0.0
Ce,O6,0.0
Ce,O7,0.0
Ce,P1,0.0
Ce,P2,0.0
Ce,P3,0.0
Ce,P4,0.0
Ce,P5,0.0
Ce,Q1,0.0
Ce,Q2,0.0
Ce,Q3,0.0
Pr,K,41990.6005859375
Pr,L1,6834.7997665405273
Pr,L2,6440.4001235961914
Pr,L3,5964.2996788024902
Pr,M1,1511.0000371932983
Pr,M2,1337.4000787734985
Pr,M3,1242.1998977661133
Pr,M4,951.09999179840088
Pr,M5,930.9999942779541
Pr,N1,304.50001358985901
Pr,N2,236.30000650882721
Pr,N3,217.60000288486481
Pr,N4,113.19999396800995
Pr,N5,113.19999396800995
Pr,N6,2.0000000949949026
Pr,N7,2.0000000949949026
Pr,O1,37.399999797344208
Pr,O2,22.299999371170998
Pr,O3,22.299999371170998
Pr,O4,0.0
Pr,O5,0.0
Pr,O6,0.0
Pr,O7,0.0
Pr,P1,0.0
Pr,P2,0.0
Pr,P3,0.0
Pr,P4,0.0
Pr,P5,0.0
Pr,Q1,0.0
Pr,Q2,0.0
Pr,Q3,0.0
Nd,K,43568.897247314453
Nd,L1,7125.999927520752
Nd,L2,6721.4999198913574
Nd,L3,6207.9000473022461
Nd,M1,1575.3000974655151
Nd,M2,1402.8000831604004
Nd,M3,1297.3999977111816
Nd,M4,999.90004301071167
Nd,M5,977.69999504089355
Nd,N1,315.20000100135803
Nd,N2,243.30000579357147
Nd,N3,224.60000216960907
Nd,N4,117.49999970197678
Nd,N5,117.49999970197678
Nd,N6,1.500000013038516
Nd,N7,1.500000013038516
Nd,O1,37.500001490116119
Nd,O2,21.0999995470047
Nd,O3,21.0999995470047
Nd,O4,0.0
Nd,O5,0.0
Nd,O6,0.0
Nd,O7,0.0
Nd,P1,0.0
Nd,P2,0.0
Nd,P3,0.0
Nd,P4,0.0
Nd,P5,0.0
Nd,Q1,0.0
Nd,Q2,0.0
Nd,Q3,0.0
Pm,K,45183.998107910156
Pm,L1,7427.8998374938965
Pm,L2,7012.7997398376465
Pm,L3,6459.3000411987305
Pm,M1,1649.9999761581421
Pm,M2,1471.4000225067139
Pm,M3,1356.8999767303467
Pm,M4,1051.4999628067017
Pm,M5,1026.900053024292
Pm,N1,331.00000023841858
Pm,N2,241.99999868869781
Pm,N3,241.99999868869781
Pm,N4,120.40000408887863
Pm,N5,120.40000408887863
Pm,N6,4.0000001899898052
Pm,N7,4.0000001899898052
Pm,O1,37.999998778104782
Pm,O2,21.99999988079071
Pm,O3,21.99999988079071
Pm,O4,0.0
Pm,O5,0.0
Pm,O6,0.0
Pm,O7,0.0
Pm,P1,0.0
Pm,P2,0.0
Pm,P3,0.0
Pm,P4,0.0
Pm,P5,0.0
Pm,Q1,0.0
Pm,Q2,0.0
Pm,Q3,0.0
Sm,K,46834.197998046875
Sm,L1,7736.7997169494629
Sm,L2,7311.8000030517578
Sm,L3,6716.2003517150879
Sm,M1,1722.8000164031982
Sm,M2,1540.6999588012695
Sm,M3,1419.8000431060791
Sm,M4,1105.9999465942383
Sm,M5,1080.1999568939209
Sm,N1,345.70002555847168
Sm,N2,265.59999585151672
Sm,N3,247.40000069141388
Sm,N4,128.9999932050705
Sm,N5,128.9999932050705
Sm,N6,5.4999999701976776
Sm,N7,5.4999999701976776
Sm,O1,37.399999797344208
Sm,O2,21.299999207258224
Sm,O3,21.299999207258224
Sm,O4,0.0
Sm,O5,0.0
Sm,O6,0.0
Sm,O7,0.0
Sm,P1,0.0
Sm,P2,0.0
Sm,P3,0.0
Sm,P4,0.0
Sm,P5,0.0
Sm,Q1,0.0
Sm,Q2,0.0
Sm,Q3,0.0
Eu,K,48519.001007080078
Eu,L1,8052.0000457763672
Eu,L2,7617.1002388000488
Eu,L3,6976.9001007080078
Eu,M1,1799.9999523162842
Eu,M2,1613.9000654220581
Eu,M3,1480.5999994277954
Eu,M4,1160.599946975708
Eu,M5,1130.9000253677368
Eu,N1,360.20001769065857
Eu,N2,283.89999270439148
Eu,N3,256.59999251365662
Eu,N4,133.19998979568481
Eu,N5,133.19998979568481
Eu,N6,0.0
Eu,N7,0.0
Eu,O1,31.799998134374619
Eu,O2,21.99999988079071
Eu,O3,21.99999988079071
Eu,O4,0.0
Eu,O5,0.0
Eu,O6,0.0
Eu,O7,0.0
Eu,P1,0.0
Eu,P2,0.0
Eu,P3,0.0
Eu,P4,0.0
Eu,P5,0.0
Eu,Q1,0.0
Eu,Q2,0.0
Eu,Q3,0.0
Gd,K,50239.101409912109
Gd,L1,8375.5998611450195
Gd,L2,7930.2997589111328
Gd,L3,7242.7997589111328
Gd,M1,1880.8000087738037
Gd,M2,1688.3000135421753
Gd,M3,1544.0000295639038
Gd,M4,1217.1999216079712
Gd,M5,1185.1999759674072
Gd,N1,375.79998373985291
Gd,N2,288.50001096725464
Gd,N3,270.89998126029968
Gd,N4,140.49999415874481
Gd,N5,140.49999415874481
Gd,N6,0.10000000474974513
Gd,N7,0.10000000474974513
Gd,O1,36.100000143051147
Gd,O2,20.299999043345451
Gd,O3,20.299999043345451
Gd,O4,0.0
Gd,O5,0.0
Gd,O6,0.0
Gd,O7,0.0
Gd,P1,0.0
Gd,P2,0.0
Gd,P3,0.0
Gd,P4,0.0
Gd,P5,0.0
Gd,Q1,0.0
Gd,Q2,0.0
Gd,Q3,0.0
Tb,K,51995.700836181641
Tb,L1,8708.0001831054688
Tb,L2,8251.5993118286133
Tb,L3,7513.9999389648437
Tb,M1,1967.4999713897705
Tb,M2,1767.6999568939209
Tb,M3,1611.299991607666
Tb,M4,1274.9999761581421
Tb,M5,1241.1999702453613
Tb,N1,397.89998531341553
Tb,N2,310.20000576972961
Tb,N3,284.99999642372131
Tb,N4,146.99999988079071
Tb,N5,146.99999988079071
Tb,N6,2.6000000070780516
Tb,N7,2.6000000070780516
Tb,O1,39.000000804662704
Tb,O2,25.399999693036079
Tb,O3,25.399999693036079
Tb,O4,0.0
Tb,O5,0.0
Tb,O6,0.0
Tb,O7,0.0
Tb,P1,0.0
Tb,P2,0.0
Tb,P3,0.0
Tb,P4,0.0
Tb,P5,0.0
Tb,Q1,0.0
Tb,Q2,0.0
Tb,Q3,0.0
Dy,K,53788.501739501953
Dy,L1,9045.8002090454102
Dy,L2,8580.5997848510742
Dy,L3,7790.10009765625
Dy,M1,2046.8001365661621
Dy,M2,1841.8000936508179
Dy,M3,1675.5999326705933
Dy,M4,1332.4999809265137
Dy,M5,1294.9000597000122
Dy,N1,416.29999876022339
Dy,N2,331.79998397827148
Dy,N3,292.89999604225159
Dy,N4,154.2000025510788
Dy,N5,154.2000025510788
Dy,N6,4.19999985024333
Dy,N7,4.19999985024333
Dy,O1,62.89999932050705
Dy,O2,26.30000002682209
Dy,O3,26.30000002682209
Dy,O4,0.0
Dy,O5,0.0
Dy,O6,0.0
Dy,O7,0.0
Dy,P1,0.0
Dy,P2,0.0
Dy,P3,0.0
Dy,P4,0.0
Dy,P5,0.0
Dy,Q1,0.0
Dy,Q2,0.0
Dy,Q3,0.0
Ho,K,55617.698669433594
Ho,L1,9394.200325012207
Ho,L2,8917.7999496459961
Ho,L3,8071.1002349853516
Ho,M1,2128.2999515533447
Ho,M2,1922.8000640869141
Ho,M3,1741.1999702453613
Ho,M4,1391.4999961853027
Ho,M5,1351.4000177383423
Ho,N1,435.69999933242798
Ho,N2,343.49998831748962
Ho,N3,306.60000443458557
Ho,N4,160.99999845027924
Ho,N5,160.99999845027924
Ho,N6,3.7000000011175871
Ho,N7,3.7000000011175871
Ho,O1,51.200002431869507
Ho,O2,20.299999043345451
Ho,O3,20.299999043345451
Ho,O4,0.0
Ho,O5,0.0
Ho,O6,0.0
Ho,O7,0.0
Ho,P1,0.0
Ho,P2,0.0
Ho,P3,0.0
Ho,P4,0.0
Ho,P5,0.0
Ho,Q1,0.0
Ho,Q2,0.0
Ho,Q3,0.0
Er,K,57485.500335693359
Er,L1,9751.2998580932617
Er,L2,9264.2993927001953
Er,L3,8357.9006195068359
Er,M1,2206.5000534057617
Er,M2,2005.8000087738037
Er,M3,1811.8000030517578
Er,M4,1453.2999992370605
Er,M5,1409.3000888824463
Er,N1,449.10001754760742
Er,N2,366.20000004768372
Er,N3,319.99999284744263
Er,N4,176.69999599456787
Er,N5,167.60000586509705
Er,N6,4.3000001460313797
Er,N7,4.3000001460313797
Er,O1,59.799998998641968
Er,O2,29.400000348687172
Er,O3,29.400000348687172
Er,O4,0.0
Er,O5,0.0
Er,O6,0.0
Er,O7,0.0
Er,P1,0.0
Er,P2,0.0
Er,P3,0.0
Er,P4,0.0
Er,P5,0.0
Er,Q1,0.0
Er,Q2,0.0
Er,Q3,0.0
Tm,K,59389.602661132813
Tm,L1,10115.699768066406
Tm,L2,9616.9004440307617
Tm,L3,8647.9997634887695
Tm,M1,2306.8001270294189
Tm,M2,2089.8001194000244
Tm,M3,1884.5000267028809
Tm,M4,1514.5999193191528
Tm,M5,1467.7000045776367
Tm,N1,471.70001268386841
Tm,N2,385.89999079704285
Tm,N3,336.60000562667847
Tm,N4,179.60000038146973
Tm,N5,179.60000038146973
Tm,N6,5.3000003099441528
Tm,N7,5.3000003099441528
Tm,O1,53.199999034404755
Tm,O2,32.29999914765358
Tm,O3,32.29999914765358
Tm,O4,0.0
Tm,O5,0.0
Tm,O6,0.0
Tm,O7,0.0
Tm,P1,0.0
Tm,P2,0.0
Tm,P3,0.0
Tm,P4,0.0
Tm,P5,0.0
Tm,Q1,0.0
Tm,Q2,0.0
Tm,Q3,0.0
Yb,K,61332.302093505859
Yb,L1,10486.400604248047
Yb,L2,9978.1999588012695
Yb,L3,8943.5997009277344
Yb,M1,2398.1001377105713
Yb,M2,2173.0000972747803
Yb,M3,1949.8000144958496
Yb,M4,1576.3000249862671
Yb,M5,1527.8000831604004
Yb,N1,487.20002174377441
Yb,N2,396.70002460479736
Yb,N3,343.49998831748962
Yb,N4,198.10000061988831
Yb,N5,184.90000069141388
Yb,N6,6.3000000081956387
Yb,N7,6.3000000081956387
Yb,O1,54.099999368190765
Yb,O2,23.399999365210533
Yb,O3,23.399999365210533
Yb,O4,0.0
Yb,O5,0.0
Yb,O6,0.0
Yb,O7,0.0
Yb,P1,0.0
Yb,P2,0.0
Yb,P3,0.0
Yb,P4,0.0
Yb,P5,0.0
Yb,Q1,0.0
Yb,Q2,0.0
Yb,Q3,0.0
Lu,K,63313.800811767578
Lu,L1,10870.400428771973
Lu,L2,10348.599433898926
Lu,L3,9244.0996170043945
Lu,M1,2491.1999702453613
Lu,M2,2263.4999752044678
Lu,M3,2023.5998630523682
Lu,M4,1639.4000053405762
Lu,M5,1588.5000228881836
Lu,N1,506.20001554489136
Lu,N2,410.10001301765442
Lu,N3,359.29998755455017
Lu,N4,204.80000972747803
Lu,N5,194.99999284744263
Lu,N6,6.8999999202787876
Lu,N7,6.8999999202787876
Lu,O1,56.800000369548798
Lu,O2,28.000000864267349
Lu,O3,28.000000864267349
Lu,O4,4.6000001020729542
Lu,O5,4.6000001020729542
Lu,O6,0.0
Lu,O7,0.0
Lu,P1,0.0
Lu,P2,0.0
Lu,P3,0.0
Lu,P4,0.0
Lu,P5,0.0
Lu,Q1,0.0
Lu,Q2,0.0
Lu,Q3,0.0
Hf,K,65350.799560546875
Hf,L1,11270.700454711914
Hf,L2,10739.400863647461
Hf,L3,9560.7004165649414
Hf,M1,2600.8999347686768
Hf,M2,2365.3998374938965
Hf,M3,2107.600212097168
Hf,M4,1716.4000272750854
Hf,M5,1661.7000102996826
Hf,N1,538.10000419616699
Hf,N2,437.00000643730164
Hf,N3,380.40000200271606
Hf,N4,223.80000352859497
Hf,N5,213.69999647140503
Hf,N6,17.100000753998756
Hf,N7,17.100000753998756
Hf,O1,64.900003373622894
Hf,O2,38.099996745586395
Hf,O3,30.60000017285347
Hf,O4,6.5999999642372131
Hf,O5,6.5999999642372131
Hf,O6,0.0
Hf,O7,0.0
Hf,P1,0.0
Hf,P2,0.0
Hf,P3,0.0
Hf,P4,0.0
Hf,P5,0.0
Hf,Q1,0.0
Hf,Q2,0.0
Hf,Q3,0.0
Ta,K,67416.397094726563
Ta,L1,11681.500434875488
Ta,L2,11136.099815368652
Ta,L3,9881.0997009277344
Ta,M1,2707.9999446868896
Ta,M2,2468.6999320983887
Ta,M3,2194.0000057220459
Ta,M4,1793.199896812439
Ta,M5,1735.1000308990479
Ta,N1,565.50002098083496
Ta,N2,464.80000019073486
Ta,N3,404.50000762939453
Ta,N4,241.30000174045563
Ta,N5,229.30000722408295
Ta,N6,27.499999850988388
Ta,N7,25.600001215934753
Ta,O1,71.099996566772461
Ta,O2,44.900000095367432
Ta,O3,36.400001496076584
Ta,O4,5.6999996304512024
Ta,O5,5.6999996304512024
Ta,O6,0.0
Ta,O7,0.0
Ta,P1,0.0
Ta,P2,0.0
Ta,P3,0.0
Ta,P4,0.0
Ta,P5,0.0
Ta,Q1,0.0
Ta,Q2,0.0
Ta,Q3,0.0
W,K,69525.001525878906
W,L1,12099.800109863281
W,L2,11543.999671936035
W,L3,10206.799507141113
W,M1,2819.6001052856445
W,M2,2574.8999118804932
W,M3,2280.9998989105225
W,M4,1871.6000318527222
W,M5,1809.1999292373657
W,N1,595.00002861022949
W,N2,491.60000681877136
W,N3,425.3000020980835
W,N4,258.79999995231628
W,N5,245.39999663829803
W,N6,37.900000810623169
W,N7,35.799998790025711
W,O1,77.100001275539398
W,O2,46.799998730421066
W,O3,35.599999129772186
W,O4,6.0999998822808266
W,O5,6.0999998822808266
W,O6,0.0
W,O7,0.0
W,P1,0.0
W,P2,0.0
W,P3,0.0
W,P4,0.0
W,P5,0.0
W,Q1,0.0
W,Q2,0.0
W,Q3,0.0
Re,K,71676.399230957031
Re,L1,12526.700019836426
Re,L2,11958.700180053711
Re,L3,10535.300254821777
Re,M1,2931.6999912261963
Re,M2,2681.6000938415527
Re,M3,2367.3000335693359
Re,M4,1948.8999843597412
Re,M5,1882.8999996185303
Re,N1,625.0
Re,N2,517.90004968643188
Re,N3,444.39998269081116
Re,N4,273.69999885559082
Re,N5,260.20002365112305
Re,N6,48.099998384714127
Re,N7,45.700002461671829
Re,O1,82.800000905990601
Re,O2,45.599997043609619
Re,O3,34.599997103214264
Re,O4,3.5000001080334187
Re,O5,3.5000001080334187
Re,O6,0.0
Re,O7,0.0
Re,P1,0.0
Re,P2,0.0
Re,P3,0.0
Re,P4,0.0
Re,P5,0.0
Re,Q1,0.0
Re,Q2,0.0
Re,Q3,0.0
Os,K,73870.796203613281
Os,L1,12968.000411987305
Os,L2,12385.000228881836
Os,L3,10870.90015411377
Os,M1,3048.5000610351563
Os,M2,2792.1998500823975
Os,M3,2457.2000503540039
Os,M4,2030.8001041412354
Os,M5,1960.0999355316162
Os,N1,654.29997444152832
Os,N2,546.50002717971802
Os,N3,468.19999814033508
Os,N4,289.39998149871826
Os,N5,272.79999852180481
Os,N6,53.799998015165329
Os,N7,50.999999046325684
Os,O1,83.699993789196014
Os,O2,57.999998331069946
Os,O3,45.400001108646393
Os,O4,0.0
Os,O5,0.0
Os,O6,0.0
Os,O7,0.0
Os,P1,0.0
Os,P2,0.0
Os,P3,0.0
Os,P4,0.0
Os,P5,0.0
Os,Q1,0.0
Os,Q2,0.0
Os,Q3,0.0
Ir,K,76111.000061035156
Ir,L1,13418.499946594238
Ir,L2,12824.099540710449
Ir,L3,11215.200424194336
Ir,M1,3173.6998558044434
Ir,M2,2908.6999893188477
Ir,M3,2550.6999492645264
Ir,M4,2116.1000728607178
Ir,M5,2040.4000282287598
Ir,N1,690.09995460510254
Ir,N2,577.09997892379761
Ir,N3,494.29997801780701
Ir,N4,311.39999628067017
Ir,N5,294.90000009536743
Ir,N6,64.000003039836884
Ir,N7,61.000000685453415
Ir,O1,95.199994742870331
Ir,O2,63.000001013278961
Ir,O3,50.500001758337021
Ir,O4,3.8000000640749931
Ir,O5,3.8000000640749931
Ir,O6,0.0
Ir,O7,0.0
Ir,P1,0.0
Ir,P2,0.0
Ir,P3,0.0
Ir,P4,0.0
Ir,P5,0.0
Ir,Q1,0.0
Ir,Q2,0.0
Ir,Q3,0.0
Pt,K,78394.798278808594
Pt,L1,13880.499839782715
Pt,L2,13272.599220275879
Pt,L3,11563.799858093262
Pt,M1,3297.6000308990479
Pt,M2,3026.9999504089355
Pt,M3,2645.3001499176025
Pt,M4,2201.4999389648437
Pt,M5,2121.1001873016357
Pt,N1,723.99997711181641
Pt,N2,607.59997367858887
Pt,N3,519.09995079040527
Pt,N4,330.70001006126404
Pt,N5,313.79997730255127
Pt,N6,74.500001966953278
Pt,N7,71.099996566772461
Pt,O1,101.70000046491623
Pt,O2,65.300002694129944
Pt,O3,50.999999046325684
Pt,O4,2.099999925121665
Pt,O5,2.099999925121665
Pt,O6,0.0
Pt,O7,0.0
Pt,P1,0.0
Pt,P2,0.0
Pt,P3,0.0
Pt,P4,0.0
Pt,P5,0.0
Pt,Q1,0.0
Pt,Q2,0.0
Pt,Q3,0.0
Au,K,80724.899291992188
Au,L1,14352.799415588379
Au,L2,13733.599662780762
Au,L3,11918.700218200684
Au,M1,3424.8998165130615
Au,M2,3147.7999687194824
Au,M3,2743.0000305175781
Au,M4,2291.100025177002
Au,M5,2205.6999206542969
Au,N1,758.7999701499939
Au,N2,643.7000036239624
Au,N3,545.40002346038818
Au,N4,351.99999809265137
Au,N5,333.90000462532043
Au,N6,87.800003588199615
Au,N7,84.100000560283661
Au,O1,107.79999941587448
Au,O2,71.699999272823334
Au,O3,58.699999004602432
Au,O4,2.4999999441206455
Au,O5,2.4999999441206455
Au,O6,0.0
Au,O7,0.0
Au,P1,0.0
Au,P2,0.0
Au,P3,0.0
Au,P4,0.0
Au,P5,0.0
Au,Q1,0.0
Au,Q2,0.0
Au,Q3,0.0
Hg,K,83102.294921875
Hg,L1,14839.300155639648
Hg,L2,14208.700180053711
Hg,L3,12283.900260925293
Hg,M1,3561.6002082824707
Hg,M2,3278.5000801086426
Hg,M3,2847.1000194549561
Hg,M4,2384.8998546600342
Hg,M5,2294.8999404907227
Hg,N1,802.99997329711914
Hg,N2,680.9999942779541
Hg,N3,576.90000534057617
Hg,N4,378.50001454353333
Hg,N5,359.29998755455017
Hg,N6,104.00000214576721
Hg,N7,99.899999797344208
Hg,O1,120.30000239610672
Hg,O2,83.999998867511749
Hg,O3,64.999997615814209
Hg,O4,9.8000001162290573
Hg,O5,7.8000002540647984
Hg,O6,0.0
Hg,O7,0.0
Hg,P1,0.0
Hg,P2,0.0
Hg,P3,0.0
Hg,P4,0.0
Hg,P5,0.0
Hg,Q1,0.0
Hg,Q2,0.0
Hg,Q3,0.0
Tl,K,85530.3955078125
Tl,L1,15346.700668334961
Tl,L2,14697.900772094727
Tl,L3,12657.500267028809
Tl,M1,3704.1001319885254
Tl,M2,3415.6999588012695
Tl,M3,2956.6001892089844
Tl,M4,2485.1000308990479
Tl,M5,2389.3001079559326
Tl,N1,845.49999237060547
Tl,N2,721.30000591278076
Tl,N3,609.00002717971802
Tl,N4,406.59999847412109
Tl,N5,386.20001077651978
Tl,N6,123.09999763965607
Tl,N7,118.79999935626984
Tl,O1,136.29999756813049
Tl,O2,99.60000216960907
Tl,O3,72.999998927116394
Tl,O4,15.300000086426735
Tl,O5,13.100000098347664
Tl,O6,0.0
Tl,O7,0.0
Tl,P1,0.0
Tl,P2,0.0
Tl,P3,0.0
Tl,P4,0.0
Tl,P5,0.0
Tl,Q1,0.0
Tl,Q2,0.0
Tl,Q3,0.0
Pb,K,88004.501342773438
Pb,L1,15860.799789428711
Pb,L2,15199.999809265137
Pb,L3,13035.200119018555
Pb,M1,3850.6999015808105
Pb,M2,3554.1999340057373
Pb,M3,3066.3998126983643
Pb,M4,2585.6001377105713
Pb,M5,2483.9999675750732
Pb,N1,893.5999870300293
Pb,N2,763.9000415802002
Pb,N3,644.5000171661377
Pb,N4,435.20000576972961
Pb,N5,412.90000081062317
Pb,N6,141.199991106987
Pb,N7,136.29999756813049
Pb,O1,147.30000495910645
Pb,O2,104.80000078678131
Pb,O3,82.999996840953827
Pb,O4,21.799998357892036
Pb,O5,19.200000911951065
Pb,O6,0.0
Pb,O7,0.0
Pb,P1,3.0999998562037945
Pb,P2,0.699999975040555
Pb,P3,0.699999975040555
Pb,P4,0.0
Pb,P5,0.0
Pb,Q1,0.0
Pb,Q2,0.0
Pb,Q3,0.0
